Supplier Name,Laboratory Name
A & S International,PFMQA
AAFCO,PFMQA
ACX Diamond,PFMQA
Agrimill,PFMQA
Agripro Premier Nutrition Inc.,PFMQA
Agrivet,PFMQA
Akiteta,PFMQA
Al Jasrah,PFMQA
APM Agricom Inc.,PFMQA
Arculus Vethealth,PFMQA
AVAQAL,PFMQA
Bask Distributors Inc.,PFMQA
"Beijing Enhalor Int'l Tech Co., Ltd",PFMQA
Big George,PFMQA
Bonca Mart,PFMQA
Candem Ind. Inc.,PFMQA
Cape Fertius,PFMQA
CF Aguilar,PFMQA
CMA CGM Perth,PFMQA
Contship Way,PFMQA
CTP Makassar,PFMQA
Diconex Philippines,PFMQA
Dongxiao,PFMQA
Dre Monaco,PFMQA
Dynamic Agro,PFMQA
Eastern Allied,PFMQA
EBENEZER GRAINS,PFMQA
Edcor,PFMQA
Encode Multi Purpose,PFMQA
Erins Poultry & Agricultural Supply,PFMQA
Ever Birth,PFMQA
Ever Brave,PFMQA
Ever Legend,PFMQA
Ever Summit,PFMQA
Evonik,PFMQA
Excellent Products,PFMQA
Farm Agro Trading,PFMQA
Farm Gro,PFMQA
FAROS,PFMQA
Feedmate Nutrition,PFMQA
Full Fat Soya Plant,PFMQA
Gold Ace,PFMQA
Golden Season,PFMQA
Green Riverplant Farm,PFMQA
GUIZHOU HECTOGOAL,PFMQA
Guizhou Zerophos Chemical Co Ltd.,PFMQA
Gulshan Polyols LTD.,PFMQA
HMC Agriventures,PFMQA
Hyundai Dynasty,PFMQA
I. Garland,PFMQA
Importation,PFMQA
Interpharma Nutraceutical,PFMQA
Isky Chemical,PFMQA
Ital Bonus,PFMQA
Iverson Grains Trading,PFMQA
J & J Inter Continental,PFMQA
Jeju Island,PFMQA
JHB Farm,PFMQA
JS Kaohsung,PFMQA
K. Pro,PFMQA
Kenram,PFMQA
Lantian,PFMQA
Lucky Grains,PFMQA
Market Point Ent.,PFMQA
MBP Coconut Oil Trading,PFMQA
Menus,PFMQA
Merkur Fjord,PFMQA
MG Bethehem Steel Trading,PFMQA
MGSP Enterprises,PFMQA
Mindanao Agri Grains,PFMQA
MISC Abujan,PFMQA
Monde Nissin,PFMQA
N. Adriatic,PFMQA
N. Agonistis,PFMQA
N. Dejima,PFMQA
NHU HONGKONG,PFMQA
Northstar Flour,PFMQA
Nuevo Milenio Inc.,PFMQA
Nutrigrains,PFMQA
NUTRISPECT ANIMAL HEALTH,PFMQA
Oleo & Oil Inc.,PFMQA
"Oleo Fats, Inc.",PFMQA
PALMALANA KBC,PFMQA
Pheonix Agri Ventures,PFMQA
Philchema,PFMQA
POLCAS AGRITRADE,PFMQA
Poloas Agriculture,PFMQA
Primedash Inc.,PFMQA
Real Vet incorporated,PFMQA
Renjian,PFMQA
RFM Corp.,PFMQA
RG Lim,PFMQA
RGM Golden Marketing,PFMQA
Rich Grains,PFMQA
Rom-Arch Tower Corp.,PFMQA
RS Asuncion Trading,PFMQA
Sabariaga Trading,PFMQA
San Julian Trading,PFMQA
SBT Marketing,PFMQA
Sea Span New Delhi,PFMQA
SHC Shekou,PFMQA
Shirva,PFMQA
SHL Cebu,PFMQA
Sinar Braya,PFMQA
SITC Penang,PFMQA
SITC Shekou,PFMQA
SKATZOURA,PFMQA
Starich Spring Marketing,PFMQA
Sunny Acacia,PFMQA
Swelyn,PFMQA
Taipei Triumph,PFMQA
Tantuco,PFMQA
TRANS MILLENIUM,PFMQA
TS Johon,PFMQA
Uni Vital,PFMQA
Unideco Agricultural Dev. Corp.,PFMQA
United Coconut Inc.,PFMQA
United Pharmachem Agrivet Inc.,PFMQA
Univanich Carmen,PFMQA
Universal Agrobio Limited,PFMQA
Valdez Arcilla Poultry,PFMQA
Valdez Ursula,PFMQA
Vethealth,PFMQA
Vetnext Agri Products,PFMQA
Wantiu Enterprises,PFMQA
Weihua,PFMQA
Will Intl' Sales Corp.,PFMQA
Wilmar Benby Corporation,PFMQA
YM Throne,PFMQA
Zin Zhang Zhou,PFMQA
Zoe Tong,PFMQA
